{
  "transparentTitle": "always",
  "navigationStyle": "custom",
  "usingComponents": {
    "ksp-cropper": "/uni_modules/ksp-cropper/components/ksp-cropper/ksp-cropper",
    "custom-official-account": "/uni_modules/custom-official-account/components/custom-official-account/custom-official-account",
    "l-painter": "/uni_modules/lime-painter/components/l-painter/l-painter",
    "l-painter-image": "/uni_modules/lime-painter/components/l-painter-image/l-painter-image",
    "l-painter-view": "/uni_modules/lime-painter/components/l-painter-view/l-painter-view",
    "l-painter-text": "/uni_modules/lime-painter/components/l-painter-text/l-painter-text",
    "l-painter-qrcode": "/uni_modules/lime-painter/components/l-painter-qrcode/l-painter-qrcode"
  }
}